קטגוריה,תת קטגוריה
מוצרי חשמל,מטען/כבל
,אוזניות קשת
,אוזניות חוט
,אוזניות בלוטוס
,מצלמה ואביזרי מצלמה
,רמקול/בוקסה
,מיקרופון
,מוצרי גיימינג
,מקרן ואביזרי מקרן
,מחשב ואביזרי מחשב
,שלט
,אמצעי איחסון
,סוללות
,שעון חכם
,נגן
,טוסטר
,פן שיער
,מחליק שיער
,בייביליס/טוסטר שיער
,מכונת צילום / מדפסת
,ספר אלקטרוני
ספרים,ספר לימוד
,ספר קריאה
,יומן אישי
פרטי לבוש והנעלה,חולצה
,נעליים
,גרביים
,צעיף
,ג'קט/סוודר
,מעיל
,מכנסיים
,משקפיים
,משקפי שמש
,פאה
,שמלה
,חצאית
,מטפחת ראש
,כובע
,בגדי ספורט
,בגדי שינה
,חליפה/פראק
,מגבעת/שטריימל
,כיפה
,חגורה
"כרטיסים, שוברים וזיכויים",רב קו
,כרטיס אשראי
,זיכוי לקניות
,כרטיס מנוי
חפצים אישיים,מפתח
,פלאפון
,תעודת זהות
,דרכון
,רישיון
,מסמכים אישיים
,ארנק
,מטריה
ציוד,מזוודה
,שקית
,תיק גב
,תיק צד
,תיק שקית
,תיק איפור
,תרמיל
,סלקל
,מנשאה
,עגלת תינוק
,עגלת סופר
,קופסה
מוצרי שטח,מימיה
,צידנית
,מחצלת
,שק שינה
,אוהל
,מקל הליכה
,תנורי קמפינג
,כסא מתקפל
,אולר
,פנס
,תרמוס
,ציוד דייג
,חבל
,שולחן מתקפל
תכשיטים,טבעת
,עגילים
,שרשרת
,צמיד
,שעון
,סיכת דש
,תליון/צ'ארמס
,חפתים
,אבזם חגורה
בעלי חיים,תוכי/ציפור
,צב
,כלב
,חתול
,שרקן
,נחש/לטאה
,סוס
,חיית חווה
,עכבר / אוגר
,ארנב
,תרנגול
,אפרוח
,דג
כלי רכיבה,אופניים
,בימבה
,קורקינט
,סקייטבורד/הוברבורד
,רולר בליידס
,אביזר רכיבה
כלי נגינה,מפוחית
,חלילית / חליל
,כלי מיתר
,כלי תיפוף
,כלי נגינה אלקטרוני
,אביזר נגינה
כלי עבודה,
תשמישי קדושה,ספר קודש
,סידור
,תפילין
,טלית
,ציצית
,כלי שבת
,מזוזה
,"אביזרי סת""ם"
משחקים,משחק קופסא
,משחק הרכבה
,משחק חצר
,בובה
תרופות וציוד רפואי,מזרק
,כדורים
,תרופה
,מכשירי שמיעה
,מקל נחייה
,מכשיר אינהלציה
כלי בית,בקבוק
,"סכו""ם"
,כוסות
,כלי אוכל
אביזרי משרד,קלסר
,מכשירי כתיבה
,קלמר
,מחשבון
,מחברת
אביזרי חוף,בגד ים
,כדור ים
,גלגל ים
,קרם /ספריי הגנה
,קרם שיזוף
טקסטיל,מגבת
,כרית
,שמיכה
מוצרי טיפוח,מסרק / מברשת שיער
,מי פנים / קרם פנים
,מברשת שיניים
,אביזר שיער
,תכשיר לשיער
,שפתון / אודם
,איפור עיניים
,איפור פנים
,קרם לגוף
,בושם
,דאורדורנט
,פינצטה
,מספריים קטנות / קוצץ ציפורניים
,מראה קומפקטית
שונות,
